https://stackoverflow.com/questions			
https://stackexchange.com/			
https://es.wikipedia.org/wiki/Wikipedia:Portada			
https://www.w3schools.com/			
https://www.docker.com/			
https://www.w3.org/			
https://www.fandom.com/			
https://www.newsweek.com/			
https://baohatinh.vn/			
https://abonnement.lefigaro.fr/lefigaro			
https://arxiv.org/			
https://www.enable-javascript.com/			
https://www.babbel.com/			
https://en.wikipedia.org/wiki/Main_Page			
https://www.marca.com/			
https://crawler-test.com/			
https://www.mozilla.org/vi/			
https://www.google.com/			
https://thitruongkinhte.vn/			
https://www.fit.hcmus.edu.vn/vn/			
https://magento.softwaretestingboard.com/?ref=hackernoon.com			
https://demo.openmrs.org/openmrs/login.htm			
https://phptravels.org/login			
https://app.endtest.io/guides/docs/web-crawler/			
https://vinaphone.com.vn/ho-tro/cvqt-data-rx			
https://compendiumdev.co.uk/			
https://genk.vn/			
https://practice.automationtesting.in/			
https://sciencevietnam.com/			
http://uitestingplayground.com/			